
-- データベースの削除
drop database uriagekanri_shibata;

-- データベースの作成
create database uriagekanri_shibata default character set utf8;

-- データベースの変更
use uriagekanri_shibata;

-- テーブルの作成
drop table if exists syohinmst;
create table syohinmst (
  shcd smallint(4) unsigned not null primary key,
  shname varchar(255) not null,
  tanka int(6) unsigned not null
);

drop table if exists tokuisakimst;
create table tokuisakimst (
  tscd smallint(5) unsigned not null primary key,
  tsname varchar(30) not null,
  furigana varchar(30),
  yubin char(8),
  jusyo1 varchar(30),
  jusyo2 varchar(30),
  denwa varchar(30)
);

drop table if exists uriagedat;
create table uriagedat (
  uacd int(8) auto_increment primary key,
  hiduke date,
  tscd smallint(5),
  shcd smallint(4),
  suryo tinyint(3)
);

-- レコードの挿入
insert into syohinmst values (
  1001,
  'デスクトップパソコン',
  98000
), (
  1002,
  'タワー型パソコン',
  107000
), (
  1003,
  'ノートパソコン',
  124000
), (
  1004,
  'インクジェットプリンタ',
  18500
), (
  1005,
  'レーザープリンタ',
  136000
), (
  1006,
  'スキャナ',
  28000
), (
  1007,
  'デジタルカメラ',
  97000
), (
  1008,
  'CD-RDドライブ',
  39000
), (
  1009,
  'LANカード',
  9800
), (
  1010,
  'USBメモリ',
  3500
);


insert into tokuisakimst values
(10000, '山田製版　本社', 'ﾔﾏﾀﾞｾｲﾊﾝ ﾎﾝｼｬ', '550-0011', '大阪府', '大阪市西区阿波座栄町2-1-3', '(06)-6121-2222'),
(10010, '山田製版　京都支社', 'ﾔﾏﾀﾞｾｲﾊﾝ ｷｮｳﾄｼｼｬ', '612-0011', '京都府', '京都市伏見区深草鈴塚町2-3-4', '(075)-551-3333'),
(10020, '山田製版　東京支社', 'ﾔﾏﾀﾞｾｲﾊﾝ ﾄｳｷｮｳｼｼｬ', '116-0011', '東京都', '荒川区西尾久15-31', '(03)-5831-2061'),
(11000, '宇山土地開発', 'ｳﾔﾏﾄﾁｶｲﾊﾂ', '110-0056', '東京都', '台東区小島14-41-4', '(03)-3872-3456'),
(12000, 'アイコンタクト', 'ｱｲｺﾝﾀｸﾄ', '294-0028', '千葉県', '館山市東長田6-9-1', '(043)-22-3333'),
(13000, '神戸家具', 'ｺｳﾍﾞｶｸﾞ', '655-0873', '兵庫県', '神戸市須磨区青山台', '(078)-732-7890'),
(14000, 'カンガルー便', 'ｶﾝｶﾞﾙｰﾋﾞﾝ', '560-0015', '大阪府', '豊中市赤阪12-5', '(06)-6862-3456'),
(15000, '高橋ゴルフ　東京店', 'ﾀｶﾊｼｺﾞﾙﾌ ﾄｳｷｮｳﾃﾝ', '197-0804', '東京都', 'あきる野市秋川2-5-1', '(042)-559-9876'),
(15010, '高橋ゴルフ　横浜店', 'ﾀｶﾊｼｺﾞﾙﾌ ﾖｺﾊﾏﾃﾝ', '240-0012', '神奈川県', '横浜市保土ヶ谷区月見台2-3-1', '(045)-879-1234'),
(16000, '高崎燃料', 'ﾀｶｻｷﾈﾝﾘｮｳ', '105-0002', '東京都', '港区愛宕5-5-5', '(03)-5489-3344'),
(17000, '川口工業', 'ｶﾜｸﾞﾁｺｳｷﾞｮｳ', '332-0023', '埼玉県', '川口市飯塚31-1-1', '(048)-253-2345'),
(18000, 'ドリームホーム', 'ﾄﾞﾘｰﾑﾎｰﾑ', '151-0064', '東京都', '渋谷区上原23-13', '(03)-3234-1122'),
(19000, '九州書房', 'ｷｭｳｼｭｳｼｮﾎﾞｳ', '162-0806', '東京都', '新宿区榎町7-7', '(03)-3214-4455'),
(20000, 'ACE不動産', 'ｴｰｽﾌﾄﾞｳｻﾝ', '142-0063', '東京都', '品川区荏原3-3-3', '(03)-5468-6789'),
(21000, 'ロイヤルコーヒー', 'ﾛｲﾔﾙｺｰﾋｰ', '596-0114', '大阪府', '岸和田市大沢町712-31', '(0724)-41-6666'),
(22000, '三星商会　本社', 'ｻﾝｾｲｼｮｳｶｲ ﾎﾝｼｬ', '210-0924', '神奈川県', '川崎市幸区塚越1-1-1', '(044)-555-7799'),
(22010, '三星商会　横浜店', 'ｻﾝｾｲｼｮｳｶｲ ﾖｺﾊﾏﾃﾝ', '532-0031', '大阪府', '大阪市淀川区加島15-15', '(06)-6311-1123'),
(23000, '安田醸造', 'ﾔｽﾀﾞｼﾞｮｳｿﾞｳ', '167-0023', '東京都', '杉並区上井草8-8', '(03)-3381-3366'),
(24000, 'ソウマ', 'ｿｳﾏ', '350-0815', '埼玉県', '川越市鯨井3-5-9', '(0492)-21-7777'),
(25000, '京公堂', 'ｷｮｳｺｳﾄﾞｳ', '567-0072', '大阪府', '茨木市郡5-3-5', '(0726)-36-8888'),
(26000, 'トップ企画', 'ﾄｯﾌﾟｷｶｸ', '557-0063', '大阪府', '大阪市西成区南津守9-8-7', '(06)-6711-5555'),
(27000, '布目酒造', 'ﾇﾉﾒｼｭｿﾞｳ', '202-0022', '東京都', '保谷市柳沢6-6', '(0423)-56-5678'),
(28000, '山野工務店', 'ﾔﾏﾉｺｳﾑﾃﾝ', '263-0004', '千葉県', '千葉市稲毛区六方町1-30', '(0470)-22-3333'),
(29000, '佐野建設', 'ｻﾉｹﾝｾﾂ', '165-0033', '東京都', '中野区若宮3-3', '(03)-3256-1133'),
(30000, '丸高工業', 'ﾏﾙﾀｶｺｳｷﾞｮｳ', '112-0013', '東京都', '文京区音羽20-14', '(03)-.5986-8901'),
(31000, '矢崎金属', 'ﾔｻﾞｷｷﾝｿﾞｸ', '154-0024', '東京都', '世田谷区三軒茶屋5-9-46', '(03)-9651-2233'),
(32000, 'つばめ薬品　本店', 'ﾂﾊﾞﾒﾔｸﾋﾝ ﾎﾝﾃﾝ', '160-0023', '東京都', '新宿区西新宿20-12-5', '(03)-3333-4567'),
(32010, 'つばめ薬品　赤羽店', 'ﾂﾊﾞﾒﾔｸﾋﾝ ｱｶﾊﾞﾈﾃﾝ', '115-0045', '東京都', '北区赤羽9-7-24', '(03)-3344-0987'),
(33000, 'ポートレート', 'ﾎﾟｰﾄﾚｰﾄ', '116-0032', '東京都', '港区六本木4-5-6', '(03)-5987-9012');


insert into uriagedat values
(1, '2006-11-08', 27000, 1009, 34),
(2, '2006-11-05', 23000, 1008, 3),
(3, '2006-12-01', 10000, 1002, 1),
(4, '2006-11-26', 20000, 1003, 13),
(5, '2006-12-15', 12000, 1008, 37),
(6, '2007-01-11', 15010, 1001, 27),
(7, '2006-11-09', 21000, 1006, 40),
(8, '2006-12-21', 10020, 1004, 49),
(9, '2006-12-15', 32767, 1008, 22),
(10, '2006-12-20', 22010, 1007, 3),
(11, '2006-11-05', 32767, 1009, 45),
(12, '2006-12-17', 11000, 1006, 5),
(13, '2006-12-02', 32767, 1007, 25),
(14, '2006-12-16', 22000, 1001, 50),
(15, '2006-12-16', 12000, 1001, 47),
(16, '2007-01-11', 24000, 1009, 44),
(17, '2006-12-02', 19000, 1004, 50),
(18, '2006-11-26', 15010, 1002, 44),
(19, '2006-12-01', 10020, 1008, 20),
(20, '2006-12-20', 32767, 1008, 12),
(21, '2006-11-27', 31000, 1008, 29),
(22, '2006-11-04', 30000, 1005, 47),
(23, '2006-12-15', 27000, 1002, 46),
(24, '2006-11-10', 13000, 1007, 10),
(25, '2007-01-21', 13000, 1009, 13),
(26, '2007-01-11', 24000, 1006, 37),
(27, '2006-11-28', 23000, 1008, 22),
(28, '2007-01-12', 25000, 1002, 4),
(29, '2006-11-04', 25000, 1004, 43),
(30, '2006-11-06', 15000, 1009, 16),
(31, '2006-12-17', 15010, 1002, 46),
(32, '2006-11-26', 12000, 1001, 12),
(33, '2007-01-09', 32767, 1002, 37),
(34, '2006-12-17', 11000, 1001, 6),
(35, '2006-12-17', 10000, 1009, 35),
(36, '2006-12-17', 22000, 1007, 4),
(37, '2006-11-10', 19000, 1004, 36),
(38, '2007-01-28', 28000, 1004, 18),
(39, '2006-12-22', 16000, 1001, 43),
(40, '2007-01-21', 23000, 1006, 12),
(41, '2006-11-09', 32767, 1003, 21),
(42, '2006-11-26', 15000, 1006, 50),
(43, '2007-01-12', 24000, 1004, 12),
(44, '2006-12-21', 31000, 1004, 30),
(45, '2007-01-21', 31000, 1005, 22),
(46, '2006-12-17', 22000, 1002, 19),
(47, '2007-01-09', 19000, 1004, 30),
(48, '2007-01-21', 10000, 1006, 25),
(49, '2006-12-20', 22000, 1001, 39),
(50, '2007-01-11', 22010, 1007, 30),
(51, '2006-12-17', 22010, 1007, 7),
(52, '2006-12-22', 16000, 1006, 43),
(53, '2006-12-22', 10020, 1001, 8),
(54, '2007-01-23', 10010, 1008, 39),
(55, '2006-12-02', 32010, 1001, 12),
(56, '2006-11-25', 14000, 1007, 40),
(57, '2006-11-05', 10000, 1002, 34),
(58, '2006-11-08', 10020, 1005, 19),
(59, '2007-01-29', 19000, 1002, 25),
(60, '2006-11-28', 24000, 1001, 30),
(61, '2007-01-29', 18000, 1001, 12),
(62, '2006-11-10', 20000, 1001, 23),
(63, '2006-12-15', 31000, 1006, 34),
(64, '2006-12-21', 13000, 1008, 2),
(65, '2007-01-11', 32767, 1004, 48),
(66, '2007-01-20', 22000, 1001, 44),
(67, '2006-11-25', 10010, 1004, 8),
(68, '2006-12-20', 11000, 1003, 16),
(69, '2006-11-08', 29000, 1006, 20),
(70, '2006-11-10', 16000, 1003, 42),
(71, '2007-01-11', 10010, 1009, 20),
(72, '2006-11-28', 16000, 1001, 34),
(73, '2006-11-04', 29000, 1009, 7),
(74, '2006-12-17', 23000, 1005, 48),
(75, '2007-01-29', 31000, 1002, 43),
(76, '2006-12-01', 18000, 1008, 50),
(77, '2006-12-01', 20000, 1003, 1),
(78, '2007-01-27', 10010, 1009, 35),
(79, '2006-12-21', 19000, 1009, 31),
(80, '2006-11-08', 30000, 1004, 8),
(81, '2006-11-28', 10020, 1009, 46),
(82, '2007-01-23', 15010, 1001, 12),
(83, '2007-01-11', 16000, 1007, 21),
(84, '2006-11-05', 19000, 1004, 15),
(85, '2007-01-29', 14000, 1001, 4),
(86, '2006-12-17', 10020, 1001, 34),
(87, '2006-12-01', 15010, 1009, 13),
(88, '2007-01-27', 31000, 1009, 48),
(89, '2006-11-08', 28000, 1003, 35),
(90, '2006-11-06', 10020, 1003, 12),
(91, '2006-11-08', 31000, 1003, 6),
(92, '2006-11-26', 10000, 1002, 7),
(93, '2006-12-17', 32000, 1009, 30),
(94, '2006-11-25', 11000, 1009, 16),
(95, '2006-12-02', 22000, 1007, 27),
(96, '2006-11-27', 31000, 1006, 15),
(97, '2006-12-16', 32010, 1003, 27),
(98, '2006-11-04', 25000, 1005, 33),
(99, '2006-12-21', 24000, 1005, 10);
(100, '2007-01-30', 29000, 1007, 2);

-- レコードの表示
select * from syohinmst;
select * from tokuisakimst;
select * from uriagedat;



-- テーブルとデータベースの削除
drop table syohinmst;
drop table tokuisakimst;
drop table uriagedat;

drop database uriagekanri_shibata;
